FID,Shape *,OBJECTID,ID,COMMUNE_IN,COMMUNE,LIEU_IGN,VESTIGES_I,CHRONO_BEG,DATE_START,CHRONO_END,DATE_ENDE,TSlice_1,TSlice_2,TSlice_3,TSlice_4,TSlice_5,TSlice_6,PROTOHISTO,HISTOIRE,AGE_DU_BRO,AGE_DU_FER,GALLO_ROMA,MOYEN_AGE,BRONZE_ANC,BRONZE_FIN,PREMIER_AG,SECOND_AGE,REPUBLIQUE,HAUT_EMPIR,BAS_EMPIRE,HAUT_MOYEN,MOYEN_AG_1,BZ_FINAL_1,BZ_FINAL_2,BZ_FINAL_3,HA_A,HA_B,HA_C,HA_D,LT_A_LT_I,LT_B_LT_II,LT_C__T_II,LT_FINAL,LT_D_LT_IV,EZ_8__Jh_,EZ__7__Jh_,EZ__6__Jh_,EZ__5__Jh_,EZ__4__Jh_,EZ__3__Jh_,RE_2___Jh_,RE_1__Jh_,HE_1__Jh_,HE_2__Jh_,HE_3__Jh_,BE_4__Jh_,BE_5__Jh_,BRF_2A,BRF_2B,BRF_3A,BRF_3B,HA_A1,HA_A2,HA_B1,HA_B2,HA_B3,HA_C1,HA_C2,HA_D1,HA_D2,HA_D3,LT_A1,LT_A2,LT_B1,LT_B2,LT_C1,LT_C2,LT_D1,LT_D2,RE_1__H__2,RE_2__H__2,RE_1__H__1,HE_2__H__1,HE_1__H__1,HE_2__H__2,HE_1__H__2,HE_2__H__3,HE_1__H__3,HE_2__H__4,BE_1__H__4,BE_2__H__4,BE_1__H__5,BE_2__H__5,x,y,DEPARTEMEN,REGION,Siedlungss
0,Point,1,24,26005,Allan,Vieil Allan,oppidum,AGE DU BRONZE,-2250,AGE DU FER,-52,1,1,1,0,0,0,1,0,1,1,0,0,0,0.33,0.5,0.5,0,0,0,0,0,0,0,0,0,0,0,0,0,0,0,0,0,0,0,0,0,0,0,0,0,0,0,0,0,0,0,0,0,0,0,0,0,0,0,0,0,0,0,0,0,0,0,0,0,0,0,0,0,0,0,0,0,0,0,0,0,0,0,0,0,0,843222.67,6379414.1,Drôme,Rhône-Alpes,Oppidum
1,Point,2,96,26016,Aubres,Bourg,occupation,AGE DU FER,-800,AGE DU FER,-52,0,1,1,0,0,0,1,0,0,1,0,0,0,0,0.5,0.5,0,0,0,0,0,0,0,0,0,0,0,0,0,0,0,0,0,0,0,0,0,0,0,0,0,0,0,0,0,0,0,0,0,0,0,0,0,0,0,0,0,0,0,0,0,0,0,0,0,0,0,0,0,0,0,0,0,0,0,0,0,0,0,0,0,0,872867.92,6366776,Drôme,Rhône-Alpes,Nutzungsareal
2,Point,3,123,26022,Ballons,Le Vesque,oppidum,AGE DU BRONZE,-2250,AGE DU FER,-52,1,1,1,0,0,0,1,0,1,1,0,0,0,0.33,0.5,0.5,0,0,0,0,0,0,0,0,0,0,0,0,0,0,0,0,0,0,0,0,0,0,0,0,0,0,0,0,0,0,0,0,0,0,0,0,0,0,0,0,0,0,0,0,0,0,0,0,0,0,0,0,0,0,0,0,0,0,0,0,0,0,0,0,0,0,911282.76,6353172.99,Drôme,Rhône-Alpes,Oppidum
3,Point,4,124,26022,Ballons,Le Vesque,enceinte,AGE DU BRONZE,-2250,AGE DU FER,-52,1,1,1,0,0,0,1,0,1,1,0,0,0,0.33,0.5,0.5,0,0,0,0,0,0,0,0,0,0,0,0,0,0,0,0,0,0,0,0,0,0,0,0,0,0,0,0,0,0,0,0,0,0,0,0,0,0,0,0,0,0,0,0,0,0,0,0,0,0,0,0,0,0,0,0,0,0,0,0,0,0,0,0,0,0,911282.76,6353172.99,Drôme,Rhône-Alpes,Befestigung
4,Point,5,303,26064,Chabeuil,Les Barachines,ferme,SECOND AGE DU FER,-500,SECOND AGE DU FER,-52,0,0,1,0,0,0,1,0,0,1,0,0,0,0,0,1,0,0,0,0,0,0,0,0,0,0,0,0,0.25,0.25,0.25,0.25,1,0,0,0,0.25,0.25,0.25,0.5,1,0,0,0,0,0,0,0,0,0,0,0,0,0,0,0,0,0,0,0,0,0,0,0,0,0,0,1,0,0,0,0,0,0,0,0,0,0,0,0,0,0,859122.96,6426451.78,Drôme,Rhône-Alpes,Hof
5,Point,6,318,26065,Chabrillan,Tabardel,exploitation agricole,PREMIER AGE DU FER,-800,SECOND AGE DU FER,-52,0,1,1,0,0,0,1,0,0,1,0,0,0,0,1,1,0,0,0,0,0,0,0,0,0,0,0.5,0.5,0.25,0.25,0.25,0.25,0.25,0.25,0.25,0.25,0.25,0.25,0.25,0.5,0,0,0,0,0,0,0,0,0,0,0,0,0,0,0,0,0,0,0,0,0,0,0,0,0,0,0,0,0,0,0,0,0,0,0,0,0,0,0,0,0,0,856044.44,6404240.87,Drôme,Rhône-Alpes,Hof
6,Point,7,349,26070,Chamaret,Les Puys,oppidum. enceinte,PREMIER AGE DU FER,-800,PREMIER AGE DU FER,-450,0,1,1,0,0,0,1,0,0,1,0,0,0,0,1,1,0,0,0,0,0,0,0,0,0,0,0.5,0.5,0.25,0.25,0.25,0.25,0.25,0.25,0.25,1,1,0.25,0.25,0.5,0,0,0,0,0,0,0,0,0,0,0,0,0,0,0,0,0,0,0,0,0,0,0,0,0,0,0,0,0,0,0,0,0,0,0,0,0,0,0,0,0,0,849948.65,6367778.64,Drôme,Rhône-Alpes,Oppidum
7,Point,8,443,26093,Clansayes,Le Plantier,occupation,AGE DU BRONZE,-2250,GALLO-ROMAIN,443,1,1,1,0,0,0,1,1,1,1,1,0,0,0.33,0.5,0.5,0,0,0,0,0,0,0,0,0,0,0,0,0,0,0,0,0,0,0,0,0,0,0,0,0,0,0,0,0,0,0,0,0,0,0,0,0,0,0,0,0,0,0,0,0,0,0,0,0,0,0,0,0,0,0,0,0,0,0,0,0,0,0,0,0,0,844470.83,6367019.44,Drôme,Rhône-Alpes,Nutzungsareal
8,Point,9,444,26093,Clansayes,Le Rouvergue,occupation,AGE DU BRONZE,-2250,GALLO-ROMAIN,443,1,1,1,0,0,0,1,1,1,1,1,0,0,0.33,0.5,0.5,0,0,0,0,0,0,0,0,0,0,0,0,0,0,0,0,0,0,0,0,0,0,0,0,0,0,0,0,0,0,0,0,0,0,0,0,0,0,0,0,0,0,0,0,0,0,0,0,0,0,0,0,0,0,0,0,0,0,0,0,0,0,0,0,0,0,844735.93,6367255.44,Drôme,Rhône-Alpes,Nutzungsareal
9,Point,10,449,26093,Clansayes,Bourg,oppidum,AGE DU BRONZE,-2250,AGE DU FER,-52,1,1,1,0,0,0,1,0,0.5,0.5,0,0,0,0.33,0.5,0.5,0,0,0,0,0,0,0,0,0,0,0,0,0,0,0,0,0,0,0,0,0,0,0,0,0,0,0,0,0,0,0,0,0,0,0,0,0,0,0,0,0,0,0,0,0,0,0,0,0,0,0,0,0,0,0,0,0,0,0,0,0,0,0,0,0,0,843954.14,6365272.37,Drôme,Rhône-Alpes,Oppidum
10,Point,11,523,26108,Crest,Saint-Antoine. voie communale n°4,occupation,AGE DU BRONZE,-2250,AGE DU FER,-52,1,1,1,0,0,0,1,0,0.5,0.5,0,0,0,0.33,0.5,0.5,0,0,0,0,0,0,0,0,0,0,0,0,0,0,0,0,0,0,0,0,0,0,0,0,0,0,0,0,0,0,0,0,0,0,0,0,0,0,0,0,0,0,0,0,0,0,0,0,0,0,0,0,0,0,0,0,0,0,0,0,0,0,0,0,0,0,861152.71,6405528.6,Drôme,Rhône-Alpes,Nutzungsareal
11,Point,12,662,26113,Die,Grand Abri,occupation,AGE DU BRONZE,-2250,AGE DU FER,-52,1,1,1,0,0,0,1,0,1,1,0,0,0,0.33,0.5,0.5,0,0,0,0,0,0,0,0,0,0,0,0,0,0,0,0,0,0,0,0,0,0,0,0,0,0,0,0,0,0,0,0,0,0,0,0,0,0,0,0,0,0,0,0,0,0,0,0,0,0,0,0,0,0,0,0,0,0,0,0,0,0,0,0,0,0,885419.83,6412779.94,Drôme,Rhône-Alpes,Nutzungsareal
12,Point,13,724,26116,Donzère,Saint-Savornin,occupation,SECOND AGE DU FER,-500,REPUBLIQUE,-27,0,0,1,1,0,0,1,1,0,1,1,0,0,0,0,1,1,0,0,0,0,0,0,0,0,0,0,0,0.25,0.25,0.25,0.25,0.25,0,0,0,0.25,0.25,0.25,1,1,0,0,0,0,0,0,0,0,0,0,0,0,0,0,0,0,0,0,0,0,0,0,0,0,0,0,0,1,1,1,1,0,0,0,0,0,0,0,0,0,0,835730.92,6375966.17,Drôme,Rhône-Alpes,Nutzungsareal
13,Point,14,754,26116,Donzère,Ouest des Fermines,extraction,SECOND AGE DU FER,-500,SECOND AGE DU FER,-52,0,0,1,0,0,0,1,0,0,1,0,0,0,0,0,1,0,0,0,0,0,0,0,0,0,0,0,0,0.25,0.25,0.25,0.25,0.25,0,0,0,0.25,0.25,0.25,0.5,0,0,0,0,0,0,0,0,0,0,0,0,0,0,0,0,0,0,0,0,0,0,0,0,0,0,0,0,0,0,0,0,0,0,0,0,0,0,0,0,0,0,836151.06,6374574.39,Drôme,Rhône-Alpes,Nutzungsareal
14,Point,15,767,26116,Donzère,Défilé de Donzère. Les Roches,occupation,SECOND AGE DU FER,-500,SECOND AGE DU FER,-52,0,0,1,0,0,0,1,0,0,1,0,0,0,0,0,1,0,0,0,0,0,0,0,0,0,0,0,0,0.25,0.25,0.25,0.25,0.25,0,0,0,0.25,0.25,0.25,0.5,0,0,0,0,0,0,0,0,0,0,0,0,0,0,0,0,0,0,0,0,0,0,0,0,0,0,0,0,0,0,0,0,0,0,0,0,0,0,0,0,0,0,835523.08,6375044.91,Drôme,Rhône-Alpes,Nutzungsareal
15,Point,16,796,26126,Eygalayes,Montagne de Palle. au-dessus du torrent de Taran,oppidum,AGE DU BRONZE,-2250,AGE DU FER,-52,1,1,1,0,0,0,1,0,0.5,0.5,0,0,0,0.33,0.5,0.5,0,0,0,0,0,0,0,0,0,0,0,0,0,0,0,0,0,0,0,0,0,0,0,0,0,0,0,0,0,0,0,0,0,0,0,0,0,0,0,0,0,0,0,0,0,0,0,0,0,0,0,0,0,0,0,0,0,0,0,0,0,0,0,0,0,0,907991.86,6347045.11,Drôme,Rhône-Alpes,Oppidum
16,Point,17,802,26131,Eyzahut,Cote 682. Pas des Fustes,oppidum. enceinte,AGE DU BRONZE,-2250,AGE DU FER,-52,1,1,1,0,0,0,1,0,1,1,0,0,0,0.33,0.5,0.5,0,0,0,0,0,0,0,0,0,0,0,0,0,0,0,0,0,0,0,0,0,0,0,0,0,0,0,0,0,0,0,0,0,0,0,0,0,0,0,0,0,0,0,0,0,0,0,0,0,0,0,0,0,0,0,0,0,0,0,0,0,0,0,0,0,0,858076.16,6386194.94,Drôme,Rhône-Alpes,Oppidum
17,Point,18,807,26137,Francillon-sur-Roubion,Le Plot,habitat,AGE DU BRONZE FINAL,-1350,SECOND AGE DU FER,-52,1,1,1,0,0,0,1,0,1,1,0,0,0,1,0.5,1,0,0,0,0,0,0.2,0.2,0.2,0.2,0.2,0,0,0.25,0.25,0.25,0.25,0.25,0,0,0,0.25,0.25,0.25,0.5,0,0,0,0,0,0,0,0,0,0,0,0,0,0,0,0,0,0,0,0,0,0,0,0,0,0,0,0,0,0,0,0,0,0,0,0,0,0,0,0,0,0,865058.15,6394260.11,Drôme,Rhône-Alpes,Siedlung
18,Point,19,822,26138,La Garde-Adhémar,Château de Chartroussas,habitat,AGE DU FER,-800,AGE DU FER,-52,0,1,1,0,0,0,1,0,0,1,0,0,0,0,0.5,0.5,0,0,0,0,0,0,0,0,0,0,0,0,0,0,0,0,0,0,0,0,0,0,0,0,0,0,0,0,0,0,0,0,0,0,0,0,0,0,0,0,0,0,0,0,0,0,0,0,0,0,0,0,0,0,0,0,0,0,0,0,0,0,0,0,0,0,838934.5,6369044.27,Drôme,Rhône-Alpes,Siedlung
19,Point,20,823,26138,La Garde-Adhémar,Bourg,enceinte,AGE DU FER,-800,AGE DU FER,-52,0,1,1,0,0,0,1,0,0,1,0,0,0,0,0.5,0.5,0,0,0,0,0,0,0,0,0,0,0,0,0,0,0,0,0,0,0,0,0,0,0,0,0,0,0,0,0,0,0,0,0,0,0,0,0,0,0,0,0,0,0,0,0,0,0,0,0,0,0,0,0,0,0,0,0,0,0,0,0,0,0,0,0,0,839618.36,6367451.71,Drôme,Rhône-Alpes,Befestigung
20,Point,21,832,26138,La Garde-Adhémar,Chaix NE,occupation,AGE DU BRONZE,-2250,AGE DU FER,-52,1,1,1,0,0,0,1,0,1,1,0,0,0,0.33,0.5,0.5,0,0,0,0,0,0,0,0,0,0,0,0,0,0,0,0,0,0,0,0,0,0,0,0,0,0,0,0,0,0,0,0,0,0,0,0,0,0,0,0,0,0,0,0,0,0,0,0,0,0,0,0,0,0,0,0,0,0,0,0,0,0,0,0,0,0,840590.07,6366266.42,Drôme,Rhône-Alpes,Nutzungsareal
21,Point,22,842,26138,La Garde-Adhémar,Les Montjars,architecture militaire,AGE DU BRONZE,-2250,AGE DU FER,-52,1,1,1,0,0,0,1,0,0.5,0.5,0,0,0,0.33,0.5,0.5,0,0,0,0,0,0,0,0,0,0,0,0,0,0,0,0,0,0,0,0,0,0,0,0,0,0,0,0,0,0,0,0,0,0,0,0,0,0,0,0,0,0,0,0,0,0,0,0,0,0,0,0,0,0,0,0,0,0,0,0,0,0,0,0,0,0,840040.55,6367813.89,Drôme,Rhône-Alpes,Befestigung
22,Point,23,846,26138,La Garde-Adhémar,Serre Rabaste. Montaury,sanctuaire païen,AGE DU BRONZE,-2250,AGE DU FER,-52,1,1,1,0,0,0,1,0,1,1,0,0,0,0.33,0.5,0.5,0,0,0,0,0,0,0,0,0,0,0,0,0,0,0,0,0,0,0,0,0,0,0,0,0,0,0,0,0,0,0,0,0,0,0,0,0,0,0,0,0,0,0,0,0,0,0,0,0,0,0,0,0,0,0,0,0,0,0,0,0,0,0,0,0,0,839549.61,6364855.29,Drôme,Rhône-Alpes,Heiligtum
23,Point,24,896,26138,La Garde-Adhémar,Massis,occupation,AGE DU BRONZE,-2250,AGE DU FER,-52,1,1,1,0,0,0,1,0,1,1,0,0,0,0.33,0.5,0.5,0,0,0,0,0,0,0,0,0,0,0,0,0,0,0,0,0,0,0,0,0,0,0,0,0,0,0,0,0,0,0,0,0,0,0,0,0,0,0,0,0,0,0,0,0,0,0,0,0,0,0,0,0,0,0,0,0,0,0,0,0,0,0,0,0,0,838982.05,6368208.96,Drôme,Rhône-Alpes,Nutzungsareal
24,Point,25,924,26145,Les Granges-Gontardes,Les Estubiers,sanctuaire païen,AGE DU BRONZE,-2250,AGE DU FER,-52,1,1,1,0,0,0,1,0,1,1,0,0,0,0.33,0.5,0.5,0,0,0,0,0,0,0,0,0,0,0,0,0,0,0,0,0,0,0,0,0,0,0,0,0,0,0,0,0,0,0,0,0,0,0,0,0,0,0,0,0,0,0,0,0,0,0,0,0,0,0,0,0,0,0,0,0,0,0,0,0,0,0,0,0,0,839358.21,6370268.35,Drôme,Rhône-Alpes,Heiligtum
25,Point,26,956,26145,Les Granges-Gontardes,Le Logis de Berre,occupation,SECOND AGE DU FER,-500,SECOND AGE DU FER,-52,0,0,1,0,0,0,1,0,0,1,0,0,0,0,0,1,0,0,0,0,0,0,0,0,0,0,0,0,0.25,0.25,0.25,0.25,0.25,0,0,0,0.25,0.25,0.25,0.5,0,0,0,0,0,0,0,0,0,0,0,0,0,0,0,0,0,0,0,0,0,0,0,0,0,0,0,0,0,0,0,0,0,0,0,0,0,0,0,0,0,0,838868.41,6370088.28,Drôme,Rhône-Alpes,Nutzungsareal
26,Point,27,968,26146,Grignan,Le Beauregard,oppidum. enceinte,SECOND AGE DU FER,-500,REPUBLIQUE,-27,0,0,1,1,0,0,1,1,0,1,1,0,0,0,0,1,1,0,0,0,0,0,0,0,0,0,0,0,0.25,0.25,0.25,0.25,0.25,0,0,0,0.25,0.25,0.25,1,1,0,0,0,0,0,0,0,0,0,0,0,0,0,0,0,0,0,0,0,0,0,0,0,0,0,0,0,0,0,0,0,0,0,0,0,0,0,0,0,0,0,853595.85,6373200.22,Drôme,Rhône-Alpes,Oppidum
27,Point,28,971,26146,Grignan,Bourg,oppidum,AGE DU FER,-800,AGE DU FER,-52,0,1,1,0,0,0,1,0,0,1,0,0,0,0,0.5,1,0,0,0,0,0,0,0,0,0,0,0,0,0.25,0.25,0.25,0.25,0.25,0,0,0,0.25,0.25,0.25,1,1,0,0,0,0,0,0,0,0,0,0,0,0,0,0,0,0,0,0,0,0,0,0,0,0,0,0,0,0,0,0,0,0,0,0,0,0,0,0,0,0,0,851966.14,6370713.75,Drôme,Rhône-Alpes,Oppidum
28,Point,29,1007,26161,Lemps,Plaine d'Endurant,habitat. gué,SECOND AGE DU FER,-500,SECOND AGE DU FER,-52,0,0,1,0,0,0,1,0,0,1,0,0,0,0,0,1,0,0,0,0,0,0,0,0,0,0,0,0,0.25,0.25,0.25,0.25,0.25,0,0,0,0.25,0.25,0.25,0.5,0,0,0,0,0,0,0,0,0,0,0,0,0,0,0,0,0,0,0,0,0,0,0,0,0,0,0,0,0,0,0,0,0,0,0,0,0,0,0,0,0,0,891703.93,6363504.22,Drôme,Rhône-Alpes,Siedlung
29,Point,30,1090,26166,Loriol-sur-Drôme,Vaucourte,oppidum,AGE DU BRONZE,-2250,AGE DU FER,-52,1,1,1,0,0,0,1,0,1,1,0,0,0,0.33,0.5,0.5,0,0,0,0,0,0,0,0,0,0,0,0,0,0,0,0,0,0,0,0,0,0,0,0,0,0,0,0,0,0,0,0,0,0,0,0,0,0,0,0,0,0,0,0,0,0,0,0,0,0,0,0,0,0,0,0,0,0,0,0,0,0,0,0,0,0,844806.42,6407044.13,Drôme,Rhône-Alpes,Oppidum
30,Point,31,1106,26166,Loriol-sur-Drôme,Les Crozes-Quartier Clos Chauvin,occupation,AGE DU BRONZE,-2250,AGE DU FER,-52,1,1,1,0,0,0,1,0,1,1,0,0,0,0.33,0.5,0.5,0,0,0,0,0,0,0,0,0,0,0,0,0,0,0,0,0,0,0,0,0,0,0,0,0,0,0,0,0,0,0,0,0,0,0,0,0,0,0,0,0,0,0,0,0,0,0,0,0,0,0,0,0,0,0,0,0,0,0,0,0,0,0,0,0,0,844918.74,6407861.11,Drôme,Rhône-Alpes,Nutzungsareal
31,Point,32,1176,26169,Malataverne,Notre-Dame de Montchamp,oppidum. enceinte,AGE DU FER,-800,AGE DU FER,-52,0,1,1,0,0,0,1,0,0,1,0,0,0,0,0.5,0.5,0,0,0,0,0,0,0,0,0,0,0,0,0,0,0,0,0,0,0,0,0,0,0,0,0,0,0,0,0,0,0,0,0,0,0,0,0,0,0,0,0,0,0,0,0,0,0,0,0,0,0,0,0,0,0,0,0,0,0,0,0,0,0,0,0,0,839787.32,6376601.74,Drôme,Rhône-Alpes,Oppidum
32,Point,33,1217,26180,Mérindol-les-Oliviers,Bois d'Aye,oppidum,AGE DU FER,-800,AGE DU FER,-52,0,1,1,0,0,0,1,0,0,1,0,0,0,0,0.5,0.5,0,0,0,0,0,0,0,0,0,0,0,0,0,0,0,0,0,0,0,0,0,0,0,0,0,0,0,0,0,0,0,0,0,0,0,0,0,0,0,0,0,0,0,0,0,0,0,0,0,0,0,0,0,0,0,0,0,0,0,0,0,0,0,0,0,0,874209.35,6355085.31,Drôme,Rhône-Alpes,Oppidum
33,Point,34,1224,26181,Mévouillon,Sous l'ancien Fort de Mévouillon,occupation,AGE DU BRONZE,-2250,AGE DU FER,-52,1,1,1,0,0,0,1,0,1,1,0,0,0,0.33,0.5,0.5,0,0,0,0,0,0,0,0,0,0,0,0,0,0,0,0,0,0,0,0,0,0,0,0,0,0,0,0,0,0,0,0,0,0,0,0,0,0,0,0,0,0,0,0,0,0,0,0,0,0,0,0,0,0,0,0,0,0,0,0,0,0,0,0,0,0,898394.03,6352083.22,Drôme,Rhône-Alpes,Nutzungsareal
34,Point,35,1261,26188,Mollans-sur-Ouvèze,Le Châtelard,oppidum. enceinte,PREMIER AGE DU FER,-800,PREMIER AGE DU FER,-450,0,1,1,0,0,0,1,0,0,1,0,0,0,0,1,1,0,0,0,0,0,0,0,0,0,0,0.5,0.5,0.25,0.25,0.25,0.25,0.25,0.25,1,1,1,0.25,0.25,0.5,0,0,0,0,0,0,0,0,0,0,0,0,0,0,0,0,0,0,0,0,0,0,0,0,0,0,0,0,0,0,0,0,0,0,0,0,0,0,0,0,0,0,875938.55,6352007.5,Drôme,Rhône-Alpes,Oppidum
35,Point,36,1268,26188,Mollans-sur-Ouvèze,Le Châtelard,occupation,SECOND AGE DU FER,-500,SECOND AGE DU FER,-52,0,0,1,0,0,0,1,0,0,1,0,0,0,0,0,1,0,0,0,0,0,0,0,0,0,0,0,0,0.25,0.25,0.25,0.25,0.25,0,0,0,0.25,0.25,0.25,1,0,0,0,0,0,0,0,0,0,0,0,0,0,0,0,0,0,0,0,0,0,0,0,0,0,0,0,0,0,0,0,0,0,0,0,0,0,0,0,0,0,0,875938.55,6352007.5,Drôme,Rhône-Alpes,Nutzungsareal
36,Point,37,1396,26198,Montélimar,Plateau de Géry,oppidum,AGE DU BRONZE,-2250,AGE DU FER,-52,1,1,1,0,0,0,1,0,1,1,0,0,0,0.33,0.5,0.5,0,0,0,0,0,0,0,0,0,0,0,0,0,0,0,0,0,0,0,0,0,0,0,0,0,0,0,0,0,0,0,0,0,0,0,0,0,0,0,0,0,0,0,0,0,0,0,0,0,0,0,0,0,0,0,0,0,0,0,0,0,0,0,0,0,0,841617.47,6385649.02,Drôme,Rhône-Alpes,Oppidum
37,Point,38,1447,26198,Montélimar,Faugier sud,occupation,SECOND AGE DU FER,-500,SECOND AGE DU FER,-52,0,0,1,0,0,0,1,0,0,1,0,0,0,0,0,1,0,0,0,0,0,0,0,0,0,0,0,0,0.25,0.25,0.25,0.25,0.25,0,0,0,0.25,0.25,0.25,0.5,0,0,0,0,0,0,0,0,0,0,0,0,0,0,0,0,0,0,0,0,0,0,0,0,0,0,0,0,0,0,0,0,0,0,0,0,0,0,0,0,0,0,838146.27,6381901.89,Drôme,Rhône-Alpes,Nutzungsareal
38,Point,39,1452,26198,Montélimar,La Rochelle,occupation,AGE DU BRONZE,-2250,AGE DU FER,-52,1,1,1,0,0,0,1,0,1,1,0,0,0,0.33,0.5,0.5,0,0,0,0,0,0,0,0,0,0,0,0,0,0,0,0,0,0,0,0,0,0,0,0,0,0,0,0,0,0,0,0,0,0,0,0,0,0,0,0,0,0,0,0,0,0,0,0,0,0,0,0,0,0,0,0,0,0,0,0,0,0,0,0,0,0,839278.61,6388597.6,Drôme,Rhône-Alpes,Nutzungsareal
39,Point,40,1476,26205,Montmaur-en-Diois,Serre Chauvière. Costebelle,occupation,AGE DU FER,-800,AGE DU FER,-52,0,1,1,0,0,0,1,0,0,1,0,0,0,0,0.5,0.5,0,0,0,0,0,0,0,0,0,0,0,0,0,0,0,0,0,0,0,0,0,0,0,0,0,0,0,0,0,0,0,0,0,0,0,0,0,0,0,0,0,0,0,0,0,0,0,0,0,0,0,0,0,0,0,0,0,0,0,0,0,0,0,0,0,0,886014.31,6401612.49,Drôme,Rhône-Alpes,Nutzungsareal
40,Point,41,1501,26211,Montségur-sur-Lauzon,Curnier,oppidum,AGE DU BRONZE,-2250,AGE DU FER,-52,1,1,1,0,0,0,1,0,1,1,0,0,0,0.33,0.5,0.5,0,0,0,0,0,0,0,0,0,0,0,0,0,0,0,0,0,0,0,0,0,0,0,0,0,0,0,0,0,0,0,0,0,0,0,0,0,0,0,0,0,0,0,0,0,0,0,0,0,0,0,0,0,0,0,0,0,0,0,0,0,0,0,0,0,0,848067.4,6362197.62,Drôme,Rhône-Alpes,Oppidum
41,Point,42,1564,26226,Le Pègue,Bourg. Mairie-Ecole,occupation,PREMIER AGE DU FER,-800,REPUBLIQUE,-27,0,1,1,1,0,0,1,1,0,1,1,0,0,0,1,1,1,0,0,0,0,0,0,0,0,0,0.5,0.5,0.25,0.25,0.25,0.25,0.25,0.25,0.25,0.25,0.25,0.25,0.25,0.5,0.5,0,0,0,0,0,0,0,0,0,0,0,0,0,0,0,0,0,0,0,0,0,0,0,0,0,0,0,0,0,0,0,0,0,0,0,0,0,0,0,0,0,863097.22,6372066.63,Drôme,Rhône-Alpes,Nutzungsareal
42,Point,43,1587,26226,Le Pègue,Colline Saint-Marcel,oppidum,AGE DU FER,-800,AGE DU FER,-52,0,1,1,0,0,0,1,0,0,1,0,0,0,0,0.5,0.5,0,0,0,0,0,0,0,0,0,0,0,0,0,0,0,0,0,0,0,0,0,0,0,0,0,0,0,0,0,0,0,0,0,0,0,0,0,0,0,0,0,0,0,0,0,0,0,0,0,0,0,0,0,0,0,0,0,0,0,0,0,0,0,0,0,0,863439.39,6372434.67,Drôme,Rhône-Alpes,Oppidum
43,Point,44,1588,26226,Le Pègue,Colline Saint-Marcel,édifice public,SECOND AGE DU FER,-500,SECOND AGE DU FER,-52,0,0,1,0,0,0,1,0,0,1,0,0,0,0,0,1,0,0,0,0,0,0,0,0,0,0,0,0,0.25,0.25,0.25,0.25,0.25,0,0,0,0.25,0.25,0.25,0.5,0,0,0,0,0,0,0,0,0,0,0,0,0,0,0,0,0,0,0,0,0,0,0,0,0,0,0,0,0,0,0,0,0,0,0,0,0,0,0,0,0,0,863439.39,6372434.67,Drôme,Rhône-Alpes,Siedlung
44,Point,45,1591,26226,Le Pègue,Colline Saint-Marcel,maison. entrepôt,SECOND AGE DU FER,-500,SECOND AGE DU FER,-52,0,0,1,0,0,0,1,0,0,1,0,0,0,0,0,1,0,0,0,0,0,0,0,0,0,0,0,0,0.25,0.25,0.25,0.25,0.25,0,0,0,0.25,0.25,0.25,0.5,0,0,0,0,0,0,0,0,0,0,0,0,0,0,0,0,0,0,0,0,0,0,0,0,0,0,0,0,0,0,0,0,0,0,0,0,0,0,0,0,0,0,863439.39,6372434.67,Drôme,Rhône-Alpes,Siedlung
45,Point,46,1592,26226,Le Pègue,Colline Saint-Marcel,maison. caniveau,SECOND AGE DU FER,-500,SECOND AGE DU FER,-52,0,0,1,0,0,0,1,0,0,1,0,0,0,0,0,1,0,0,0,0,0,0,0,0,0,0,0,0,0.25,0.25,0.25,0.25,0.25,0,0,0,0.25,0.25,0.25,1,0,0,0,0,0,0,0,0,0,0,0,0,0,0,0,0,0,0,0,0,0,0,0,0,0,0,0,0,0,0,0,0,0,0,0,0,0,0,0,0,0,0,863439.39,6372434.67,Drôme,Rhône-Alpes,Siedlung
46,Point,47,1702,26240,Plan-de-Baix,Le Vellan,oppidum,AGE DU BRONZE,-2250,GALLO-ROMAIN,443,1,1,1,0,0,0,1,1,1,1,1,0,0,0.3,0.5,0.5,0,0,0,0,0,0,0,0,0,0,0,0,0,0,0,0,0,0,0,0,0,0,0,0,0,0,0,0,0,0,0,0,0,0,0,0,0,0,0,0,0,0,0,0,0,0,0,0,0,0,0,0,0,0,0,0,0,0,0,0,0,0,0,0,0,0,871433.88,6415472.03,Drôme,Rhône-Alpes,Oppidum
47,Point,48,1782,26261,Réauville,Serre de la Motte,occupation,PREMIER AGE DU FER,-800,SECOND AGE DU FER,-52,0,1,1,0,0,0,1,0,0,1,0,0,0,0,1,1,0,0,0,0,0,0,0,0,0,0,0.5,0.5,0.25,0.25,0.25,0.25,0.25,0.25,0.25,0.25,0.25,0.25,0.25,0.5,0,0,0,0,0,0,0,0,0,0,0,0,0,0,0,0,0,0,0,0,0,0,0,0,0,0,0,0,0,0,0,0,0,0,0,0,0,0,0,0,0,0,844854.05,6374473.01,Drôme,Rhône-Alpes,Nutzungsareal
48,Point,49,1830,26276,Roche-Saint-Secret-Béconne,Rocher des Aures,oppidum. éperon barré,AGE DU BRONZE,-2250,MOYEN AGE,1492,1,1,1,1,1,1,1,1,1,1,1,1,0,0.3,0.5,0.5,0.3,0.3,0.3,0.5,0.5,0,0,0,0,0,0,0,0,0,0,0,0,0,0,0,0,0,0,0,0,0,0,0,0,0,0,0,0,0,0,0,0,0,0,0,0,0,0,0,0,0,0,0,0,0,0,0,0,0,0,0,0,0,0,0,0,0,0,0,0,0,863664.36,6376712.52,Drôme,Rhône-Alpes,Oppidum
49,Point,50,1852,26278,La Roche-sur-le-Buis,Versant sud de la Loube,occupation,AGE DU FER,-800,AGE DU FER,-52,0,1,1,0,0,0,1,0,0,1,0,0,0,0,0.5,0.5,0,0,0,0,0,0,0,0,0,0,0,0,0,0,0,0,0,0,0,0,0,0,0,0,0,0,0,0,0,0,0,0,0,0,0,0,0,0,0,0,0,0,0,0,0,0,0,0,0,0,0,0,0,0,0,0,0,0,0,0,0,0,0,0,0,0,890044.91,6354816.19,Drôme,Rhône-Alpes,Nutzungsareal
50,Point,51,1871,26284,Roussas,Le Moulon,occupation,SECOND AGE DU FER,-500,SECOND AGE DU FER,-52,0,0,1,0,0,0,1,0,0,1,0,0,0,0,0,1,0,0,0,0,0,0,0,0,0,0,0,0,0.25,0.25,0.25,0.25,0.25,0,0,0,0.25,0.25,0.25,0.5,1,0,0,0,0,0,0,0,0,0,0,0,0,0,0,0,0,0,0,0,0,0,0,0,0,0,0,0,0,0,0,0,0,0,0,0,0,0,0,0,0,0,841967.41,6373574.4,Drôme,Rhône-Alpes,Nutzungsareal
51,Point,52,1890,26285,Rousset-les-Vignes,Château-Buis,oppidum,AGE DU FER,-800,AGE DU FER,-52,0,1,1,0,0,0,1,0,0,1,0,0,0,0,0.5,0.5,0,0,0,0,0,0,0,0,0,0,0,0,0,0,0,0,0,0,0,0,0,0,0,0,0,0,0,0,0,0,0,0,0,0,0,0,0,0,0,0,0,0,0,0,0,0,0,0,0,0,0,0,0,0,0,0,0,0,0,0,0,0,0,0,0,0,866792.96,6372585.83,Drôme,Rhône-Alpes,Oppidum
52,Point,53,1987,26318,Saint-May,Grotte des Narines,occupation,NEOLITHIQUE,-5800,AGE DU FER,-52,1,1,1,0,0,0,1,0,1,1,0,0,0,0,0.5,0.5,0,0,0,0,0,0,0,0,0,0,0,0,0,0,0,0,0,0,0,0,0,0,0,0,0,0,0,0,0,0,0,0,0,0,0,0,0,0,0,0,0,0,0,0,0,0,0,0,0,0,0,0,0,0,0,0,0,0,0,0,0,0,0,0,0,0,883845.38,6373076.46,Drôme,Rhône-Alpes,Nutzungsareal
53,Point,54,1989,26321,Saint-Nazaire-le-Désert,Trou Arnaud,occupation,AGE DU BRONZE,-2250,AGE DU FER,-52,1,1,1,0,0,0,1,0,1,1,0,0,0,0.33,0.5,0.5,0,0,0,0,0,0,0,0,0,0,0,0,0,0,0,0,0,0,0,0,0,0,0,0,0,0,0,0,0,0,0,0,0,0,0,0,0,0,0,0,0,0,0,0,0,0,0,0,0,0,0,0,0,0,0,0,0,0,0,0,0,0,0,0,0,0,884342.32,6387812.92,Drôme,Rhône-Alpes,Nutzungsareal
54,Point,55,2010,26322,Saint-Pantaléon-les-Vignes,Les Grandes Terres,occupation,PREMIER AGE DU FER,-800,HAUT MOYEN AGE,1032,0,1,1,1,1,1,1,1,0,1,1,1,0,0,1,0.5,0.3,0.3,0.3,1,0,0,0,0,0,0,0.5,0.5,0,0,0,0,0,0.25,0.25,0.25,0.25,0,0,0,0,0,0,0,0,0,0,0,0,0,0,0,0,0,0,0,0,0,0,0,0,0,0,0,0,0,0,0,0,0,0,0,0,0,0,0,0,0,0,0,0,0,862390.1,6368197.87,Drôme,Rhône-Alpes,Nutzungsareal
55,Point,56,2076,26324,Saint-Paul-Trois-Châteaux,Chapelle Saint-Juste,sanctuaire païen,AGE DU BRONZE,-2250,AGE DU FER,-52,1,1,1,0,0,0,1,0,1,1,0,0,0,0.33,0.5,0.5,0,0,0,0,0,0,0,0,0,0,0,0,0,0,0,0,0,0,0,0,0,0,0,0,0,0,0,0,0,0,0,0,0,0,0,0,0,0,0,0,0,0,0,0,0,0,0,0,0,0,0,0,0,0,0,0,0,0,0,0,0,0,0,0,0,0,841262,6361821.01,Drôme,Rhône-Alpes,Heiligtum
56,Point,57,2240,26324,Saint-Paul-Trois-Châteaux,La Valette,habitat,AGE DU FER,-800,AGE DU FER,-52,0,1,1,0,0,0,1,0,0,1,0,0,0,0,0.5,0.5,0,0,0,0,0,0,0,0,0,0,0,0,0,0,0,0,0,0,0,0,0,0,0,0,0,0,0,0,0,0,0,0,0,0,0,0,0,0,0,0,0,0,0,0,0,0,0,0,0,0,0,0,0,0,0,0,0,0,0,0,0,0,0,0,0,0,840323.43,6361545.44,Drôme,Rhône-Alpes,Siedlung
57,Point,58,2274,26326,Saint-Restitut,Barry. Bois Redon,atelier monétaire,SECOND AGE DU FER,-500,REPUBLIQUE,-27,0,0,1,1,0,0,1,1,0,1,1,0,0,0,0,1,1,0,0,0,0,0,0,0,0,0,0,0,0.25,0.25,0.25,0.25,0.25,0,0,0,0.25,0.25,0.25,1,1,0,0,0,0,0,0,0,0,0,0,0,0,0,0,0,0,0,0,0,0,0,0,0,0,0,0,0,0,0,0,0,0,0,0,0,0,0,0,0,0,0,840547.46,6359809.88,Drôme,Rhône-Alpes,Siedlung
58,Point,59,2275,26326,Saint-Restitut,Barry. Bois Redon,oppidum,AGE DU FER,-800,AGE DU FER,-52,0,1,1,0,0,0,0.5,0,0,0.5,0,0,0,0,0.5,0.5,0,0,0,0,0,0,0,0,0,0,0,0,0,0,0,0,0,0,0,0,0,0,0,0,0,0,0,0,0,0,0,0,0,0,0,0,0,0,0,0,0,0,0,0,0,0,0,0,0,0,0,0,0,0,0,0,0,0,0,0,0,0,0,0,0,0,840547.46,6359809.88,Drôme,Rhône-Alpes,Oppidum
59,Point,60,2300,26336,Saou,Serre Bary,enceinte. parcellaire,AGE DU BRONZE,-2250,AGE DU FER,-52,1,1,1,0,0,0,1,0,1,1,0,0,0,0.33,0.5,0.5,0,0,0,0,0,0,0,0,0,0,0,0,0,0,0,0,0,0,0,0,0,0,0,0,0,0,0,0,0,0,0,0,0,0,0,0,0,0,0,0,0,0,0,0,0,0,0,0,0,0,0,0,0,0,0,0,0,0,0,0,0,0,0,0,0,0,867127.48,6395216.5,Drôme,Rhône-Alpes,Befestigung
60,Point,61,2338,26338,Sauzet,Protection de la ressource en eau. section 2,production alimentaire végétale,SECOND AGE DU FER,-500,SECOND AGE DU FER,-52,0,0,1,0,0,0,1,0,0,1,0,0,0,0,0,1,0,0,0,0,0,0,0,0,0,0,0,0,0.25,0.25,0.25,0.25,0.25,0,0,0,0.25,0.25,0.25,0.5,0,0,0,0,0,0,0,0,0,0,0,0,0,0,0,0,0,0,0,0,0,0,0,0,0,0,0,0,0,0,0,0,0,0,0,0,0,0,0,0,0,0,843431.27,6387911.87,Drôme,Rhône-Alpes,Hof
61,Point,62,2343,26339,Savasse,Les Chaberts,enceinte,AGE DU BRONZE,-2250,AGE DU FER,-52,1,1,1,0,0,0,1,0,1,1,0,0,0,0.33,0.5,0.5,0,0,0,0,0,0,0,0,0,0,0,0,0,0,0,0,0,0,0,0,0,0,0,0,0,0,0,0,0,0,0,0,0,0,0,0,0,0,0,0,0,0,0,0,0,0,0,0,0,0,0,0,0,0,0,0,0,0,0,0,0,0,0,0,0,0,841646.66,6389747.65,Drôme,Rhône-Alpes,Befestigung
62,Point,63,2362,26339,Savasse,Protection de la ressource en eau. section 1.,habitat. économie,AGE DU BRONZE FINAL,-1350,PREMIER AGE DU FER,-450,1,1,1,0,0,0,1,0,1,1,0,0,0,1,1,1,0,0,0,0,0,0.2,0.2,1,1,1,1,0.5,0.25,0.25,0.25,0.25,0.25,0.25,0.25,0.25,0.25,0.25,0.25,0.5,0,0,0,0,0,0,0,0,0,1,0,0,0,0,0,0,0,0,0,0,0,0,0,0,0,0,0,0,0,0,0,0,0,0,0,0,0,0,0,0,0,0,842619.44,6390405.92,Drôme,Rhône-Alpes,Siedlung
63,Point,64,2383,26342,Solérieux,Saint-Paulet,enceinte,AGE DU BRONZE,-2250,AGE DU FER,-52,1,1,1,0,0,0,1,0,1,1,0,0,0,0.33,0.5,0.5,0,0,0,0,0,0,0,0,0,0,0,0,0,0,0,0,0,0,0,0,0,0,0,0,0,0,0,0,0,0,0,0,0,0,0,0,0,0,0,0,0,0,0,0,0,0,0,0,0,0,0,0,0,0,0,0,0,0,0,0,0,0,0,0,0,0,843981.28,6362376.47,Drôme,Rhône-Alpes,Befestigung
64,Point,65,2415,26345,Suze-la-Rousse,Les Paties,habitat,AGE DU BRONZE,-2250,AGE DU FER,-52,1,1,1,0,0,0,1,0,1,1,0,0,0,0.33,0.5,0.5,0,0,0,0,0,0,0,0,0,0,0,0,0,0,0,0,0,0,0,0,0,0,0,0,0,0,0,0,0,0,0,0,0,0,0,0,0,0,0,0,0,0,0,0,0,0,0,0,0,0,0,0,0,0,0,0,0,0,0,0,0,0,0,0,0,0,846725.52,6357377.4,Drôme,Rhône-Alpes,Siedlung
65,Point,66,2417,26345,Suze-la-Rousse,Route de Sainte-Cécile-les-Vignes,habitat,AGE DU BRONZE,-2250,AGE DU FER,-52,1,1,1,0,0,0,1,0,1,1,0,0,0,0.33,0.5,0.5,0,0,0,0,0,0,0,0,0,0,0,0,0,0,0,0,0,0,0,0,0,0,0,0,0,0,0,0,0,0,0,0,0,0,0,0,0,0,0,0,0,0,0,0,0,0,0,0,0,0,0,0,0,0,0,0,0,0,0,0,0,0,0,0,0,0,847243.84,6355733.87,Drôme,Rhône-Alpes,Siedlung
66,Point,67,2433,26345,Suze-la-Rousse,Château,oppidum. enceinte,SECOND AGE DU FER,-500,SECOND AGE DU FER,-52,0,0,1,0,0,0,1,0,0,1,0,0,0,0,0,1,0,0,0,0,0,0,0,0,0,0,0,0,0.25,0.25,0.25,0.25,0.25,0,0,0,0.25,0.25,0.25,1,0,0,0,0,0,0,0,0,0,0,0,0,0,0,0,0,0,0,0,0,0,0,0,0,0,0,0,0,0,0,0,0,0,0,0,0,0,0,0,0,0,0,846471.49,6356282.59,Drôme,Rhône-Alpes,Oppidum
67,Point,68,2438,26345,Suze-la-Rousse,A l'ouest de La Garenne,habitat,SECOND AGE DU FER,-500,SECOND AGE DU FER,-52,0,0,1,0,0,0,1,0,0,1,0,0,0,0,0,1,0,0,0,0,0,0,0,0,0,0,0,0,0.25,0.25,0.25,0.25,0.25,0,0,0,0.25,0.25,0.25,0.5,0,0,0,0,0,0,0,0,0,0,0,0,0,0,0,0,0,0,0,0,0,0,0,0,0,0,0,0,0,0,0,0,0,0,0,0,0,0,0,0,0,0,845750.66,6358084.27,Drôme,Rhône-Alpes,Siedlung
68,Point,69,2451,26348,Taulignan,Peyriol (propriétaire M. Rousson),habitat,AGE DU FER,-800,AGE DU FER,-52,0,1,1,0,0,0,1,0,0,1,0,0,0,0,0.5,0.5,0,0,0,0,0,0,0,0,0,0,0,0,0,0,0,0,0,0,0,0,0,0,0,0,0,0,0,0,0,0,0,0,0,0,0,0,0,0,0,0,0,0,0,0,0,0,0,0,0,0,0,0,0,0,0,0,0,0,0,0,0,0,0,0,0,0,858067.61,6372035.51,Drôme,Rhône-Alpes,Siedlung
69,Point,70,2495,26357,Tulette,Saint-Léger,habitat,AGE DU BRONZE,-2250,AGE DU FER,-52,1,1,1,0,0,0,1,0,1,1,0,0,0,0.33,0.5,0.5,0,0,0,0,0,0,0,0,0,0,0,0,0,0,0,0,0,0,0,0,0,0,0,0,0,0,0,0,0,0,0,0,0,0,0,0,0,0,0,0,0,0,0,0,0,0,0,0,0,0,0,0,0,0,0,0,0,0,0,0,0,0,0,0,0,0,855762.59,6357053.62,Drôme,Rhône-Alpes,Siedlung
70,Point,71,2531,26360,Valaurie,Le Soulier,éperon barré,AGE DU BRONZE,-2250,AGE DU FER,-52,1,1,1,0,0,0,1,0,1,1,0,0,0,0.33,0.5,0.5,0,0,0,0,0,0,0,0,0,0,0,0,0,0,0,0,0,0,0,0,0,0,0,0,0,0,0,0,0,0,0,0,0,0,0,0,0,0,0,0,0,0,0,0,0,0,0,0,0,0,0,0,0,0,0,0,0,0,0,0,0,0,0,0,0,0,845185.96,6371934.48,Drôme,Rhône-Alpes,Befestigung
71,Point,72,2683,26362,Valence,Plateau de Lotagne,camp militaire,SECOND AGE DU FER,-500,HAUT-EMPIRE,293,0,0,1,1,1,0,1,1,0,1,1,0,0,0,0,1,1,1,0,0,0,0,0,0,0,0,0,0,0.25,0.25,0.25,1,1,0,0,0,0.25,0.25,0.25,1,1,1,0.3,0.3,0,0,0,0,0,0,0,0,0,0,0,0,0,0,0,0,0,0,0,0,0,0,0,0,1,1,1,1,0,1,0,0,0,0,0,0,0,0,849988.11,6424822.9,Drôme,Rhône-Alpes,Befestigung
72,Point,73,2765,5061,Gap,Puymaure,oppidum,SECOND AGE DU FER,-500,SECOND AGE DU FER,-52,0,0,1,0,0,0,1,0,0,1,0,0,0,0,0,1,0,0,0,0,0,0,0,0,0,0,0,0,0.25,0.25,0.25,0.25,0.25,0,0,0,0.25,0.25,0.25,0.5,0,0,0,0,0,0,0,0,0,0,0,0,0,0,0,0,0,0,0,0,0,0,0,0,0,0,0,0,0,0,0,0,0,0,0,0,0,0,0,0,0,0,943732.64,6389570.49,Hautes-Alpes,Provence-Alpes-Côte d’Azur,Oppidum
73,Point,74,2773,5073,Lazer,La Plâtrière,oppidum,SECOND AGE DU FER,-500,SECOND AGE DU FER,-52,0,0,1,0,0,0,1,0,0,1,0,0,0,0,0,1,0,0,0,0,0,0,0,0,0,0,0,0,0.25,0.25,0.25,0.25,0.25,0,0,0,0.25,0.25,1,1,1,0,0,0,0,0,0,0,0,0,0,0,0,0,0,0,0,0,0,0,0,0,0,0,0,0,0,0,0,0,0,0,0,0,0,0,0,0,0,0,0,0,927323.66,6364339.44,Hautes-Alpes,Provence-Alpes-Côte d’Azur,Oppidum
74,Point,75,2779,5118,Ribiers,Le Plan,oppidum,SECOND AGE DU FER,-500,SECOND AGE DU FER,-52,0,0,1,0,0,0,1,0,0,1,0,0,0,0,0,1,0,0,0,0,0,0,0,0,0,0,0,0,0.25,0.25,0.25,0.25,0.25,0,0,0,0.25,0.25,0.25,0.5,0,0,0,0,0,0,0,0,0,0,0,0,0,0,0,0,0,0,0,0,0,0,0,0,0,0,0,0,0,0,0,0,0,0,0,0,0,0,0,0,0,0,930144.83,6349447.82,Hautes-Alpes,Provence-Alpes-Côte d’Azur,Oppidum
75,Point,76,2799,4101,Lardiers,Le Chastelard,oppidum. habitat (EZ). sanctuaire (GR).,AGE DU BRONZE FINAL,-1350,BAS-EMPIRE,476,1,1,1,1,1,1,1,1,1,1,1,0,0,1,0.5,1,0.3,1,1,0,0,0.2,0.2,0.2,0.2,0.2,0,0,0.25,0.25,0.25,0.25,0.25,0,0,0,0.25,1,1,1,1,1,1,1,1,0.5,0,0,0,0,0,0,0,0,0,0,0,0,0,0,0,0,0,0,0,0,0,0,0,0,0,0,0,0,0,0,0,0,0,0,0,0,914852.19,6332789.2,Alpes-de-Haute-Provence,Provence-Alpes-Côte d'Azur,Oppidum
76,Point,77,2805,4179,Saint-Geniez,Chardavon,établissement rural,AGE DU BRONZE,-2250,GALLO-ROMAIN,443,1,1,1,1,1,1,1,1,1,1,1,0,0,0.33,0.5,0.5,0.3,0.3,0.3,0,0,0,0,0,0,0,0,0,0,0,0,0,0,0,0,0,0,0,0,0,0,0,0,0,0,0,0,0,0,0,0,0,0,0,0,0,0,0,0,0,0,0,0,0,0,0,0,0,0,0,0,0,0,0,0,0,0,0,0,0,0,0,942082.12,6353016.52,Alpes-de-Haute-Provence,Provence-Alpes-Côte d'Azur,Hof
77,Point,78,2810,4209,Sisteron,Citadelle,oppidum. ville. civitas Segesteriorum (Segusterone),AGE DU FER,-800,MOYEN AGE,1492,0,1,1,1,1,1,1,1,0,1,1,1,0,0,0.5,0.5,0.3,1,1,0.5,0.5,0,0,0,0,0,0,0,0,0,0,0,0,0,0,0,0,0,0,0,0,0.3,0.3,0.3,0.5,0.5,0,0,0,0,0,0,0,0,0,0,0,0,0,0,0,0,0,0,0,0,0,0,0,0,0,0,0,0,0,0,0,0,0,0,0,0,935185.64,6348781.74,Alpes-de-Haute-Provence,Provence-Alpes-Côte d'Azur,Oppidum
78,Point,79,2816,84012,Beaumes- de-Venise,Payard,agglomération secondaire. habitat,PREMIER AGE DU FER,-800,BAS-EMPIRE,476,0,1,1,1,1,1,1,1,0,1,1,0,0,0,1,1,1,1,1,0,0,0,0,0,0,0,0.5,0.5,0.25,0.25,0.25,0.25,0.25,0.25,0.25,1,1,1,1,1,1,1,1,1,1,1,0,0,0,0,0,0,0,0,0,0,0,0,0,0,0,0,0,0,0,0,0,0,0,0,0,0,0,0,0,0,0,0,0,0,0,0,860960.92,6338048.2,Vaucluse,Provence-Alpes-Côte d'Azur,Siedlung
79,Point,80,2817,84012,Beaumes- de-Venise,Les Courrens,oppidum,AGE DU BRONZE FINAL,-1350,MOYEN AGE,1492,1,1,1,1,1,1,1,1,1,1,1,1,0,1,1,1,0.3,0.3,0.3,0.5,0.5,0.2,0.2,0.2,0.2,0.2,0.5,0.5,0.25,0.25,0.25,0.25,0.25,0.25,0.25,0.25,0.25,0.25,0.25,1,0,0,0,0,0,0,0,0,0,0,0,0,0,0,0,0,0,0,0,0,0,0,0,0,0,0,0,0,0,0,0,0,0,0,0,0,0,0,0,0,0,0,861458.53,6338410.11,Vaucluse,Provence-Alpes-Côte d'Azur,Oppidum
80,Point,81,2820,84019,Bollène,Barry,oppidum. habitat. éperon barré,PREMIER AGE DU FER,-800,MOYEN AGE,1492,0,1,1,1,1,1,1,1,0,1,1,1,0,0,1,1,1,1,1,1,1,0,0,0,0,0,0.5,0.5,0.25,0.25,0.25,0.25,0.25,0.25,0.25,0.25,0.25,0.25,0.25,1,1,1,1,1,1,1,0,0,0,0,0,0,0,0,0,0,0,0,0,0,0,0,0,0,0,0,0,0,0,0,0,0,0,0,0,0,0,0,0,0,0,0,840551.6,6359070.32,Vaucluse,Provence-Alpes-Côte d'Azur,Oppidum
81,Point,82,2829,84019,Bollène,Les Ponsardes,occupation,AGE DU BRONZE FINAL,-1350,AGE DU FER,-52,1,1,1,0,0,0,1,1,1,1,0,0,0,1,0.5,0.5,0,0,0,0,0,0.2,0.2,0.2,0.2,0.2,0,0,0,0,0,0,0,0,0,0,0,0,0,0,0,0,0,0,0,0,0,0,0,0,0,0,0,0,0,0,0,0,0,0,0,0,0,0,0,0,0,0,0,0,0,0,0,0,0,0,0,0,0,0,0,0,835838.44,6355712.27,Vaucluse,Provence-Alpes-Côte d'Azur,Nutzungsareal
82,Point,83,2831,84019,Bollène,Pont de la Pierre,habitat,AGE DU BRONZE FINAL,-1350,AGE DU FER,-52,1,1,1,0,0,0,1,1,1,1,0,0,0,1,0.5,0.5,0,0,0,0,0,0.2,0.2,0.2,0.2,0.2,0,0,0,0,0,0,0,0,0,0,0,0,0,0,0,0,0,0,0,0,0,0,0,0,0,0,0,0,0,0,0,0,0,0,0,0,0,0,0,0,0,0,0,0,0,0,0,0,0,0,0,0,0,0,0,0,835561.01,6354549.75,Vaucluse,Provence-Alpes-Côte d'Azur,Siedlung
83,Point,84,2847,84031,Carpentras,Arc de Carpentras,ville. habitat. colonie romaine (Forum Neronis),SECOND AGE DU FER,-500,PERIODE RECENT,2001,0,0,1,1,1,1,1,1,0,1,1,1,0,0,0,1,1,1,1,1,1,0,0,0,0,0,0,0,0.25,0.25,0.25,0.25,0.25,0,0,0,0.25,0.25,0.25,0.5,0.5,1,1,1,1,1,0,0,0,0,0,0,0,0,0,0,0,0,0,0,0,0,0,0,0,0,0,0,0,0,0,0,0,0,0,0,0,0,0,0,0,0,864053.88,6330504.5,Vaucluse,Provence-Alpes-Côte d'Azur,Siedlung
84,Point,85,2858,84063,Lamotte-du-Rhône,Petites Bâties,occupation,SECOND AGE DU FER,-500,SECOND AGE DU FER,-52,0,0,1,0,0,0,1,0,0,1,0,0,0,0,0,1,0,0,0,0,0,0,0,0,0,0,0,0,0.25,0.25,0.25,0.25,0.25,0,0,0,0.25,0.25,0.25,0.5,0,0,0,0,0,0,0,0,0,0,0,0,0,0,0,0,0,0,0,0,0,0,0,0,0,0,0,0,0,0,0,0,0,0,0,0,0,0,0,0,0,0,835815.25,6357021.22,Vaucluse,Provence-Alpes-Côte d'Azur,Nutzungsareal
85,Point,86,2870,84069,Malaucène,Clairier,oppidum,PREMIER AGE DU FER,-800,GALLO-ROMAIN,443,0,1,1,1,1,1,1,1,0,1,1,0,0,0,1,1,0.3,0.3,0.3,0,0,0,0,0,0,0,0.5,0.5,0.25,0.25,0.25,0.25,0.25,0.25,0.25,0.25,0.25,0.25,0.25,1,0,0,0,0,0,0,0,0,0,0,0,0,0,0,0,0,0,0,0,0,0,0,0,0,0,0,0,0,0,0,0,0,0,0,0,0,0,0,0,0,0,0,869120.46,6342637.41,Vaucluse,Provence-Alpes-Côte d'Azur,Oppidum
86,Point,87,2879,84078,Mondragon,Les Brassières,habitat,PREMIER AGE DU FER,-800,SECOND AGE DU FER,-52,0,1,1,1,0,0,1,0,0,1,0,0,0,0,1,1,1,0,0,0,0,0,0,0,0,0,0.5,0.5,0.25,0.25,0.25,0.25,0.25,0.25,0.25,0.25,0.25,0.25,0.25,1,0,0,0,0,0,0,0,0,0,0,0,0,0,0,0,0,0,0,0,0,0,0,0,0,0,0,0,0,0,0,0,0,0,0,0,0,0,0,0,0,0,0,835098.69,6350514.74,Vaucluse,Provence-Alpes-Côte d'Azur,Siedlung
87,Point,88,2883,84078,Mondragon,Jouanades,villa. habitat,AGE DU FER,-800,GALLO-ROMAIN,443,0,1,1,1,1,1,1,1,0,1,1,0,0,0,0.5,0.5,0.3,0.3,0.3,0,0,0,0,0,0,0,0,0,0,0,0,0,0,0,0,0,0,0,0,0,0,0,0,0,0,0,0,0,0,0,0,0,0,0,0,0,0,0,0,0,0,0,0,0,0,0,0,0,0,0,0,0,0,0,0,0,0,0,0,0,0,0,837422.21,6349245.24,Vaucluse,Provence-Alpes-Côte d'Azur,Siedlung
88,Point,89,2885,84079,Monieux,Castelleras,oppidum. habitat,SECOND AGE DU FER,-500,BAS-EMPIRE,476,0,0,1,1,1,1,1,1,0,1,1,1,0,0,0,1,0.3,1,1,0,0,0,0,0,0,0,0,0,0.25,0.25,0.25,0.25,0.25,0,0,0,0.25,0.25,0.25,0.5,0,0.3,0.3,0.3,0.5,0.5,0,0,0,0,0,0,0,0,0,0,0,0,0,0,0,0,0,0,0,0,0,0,0,0,0,0,0,0,0,0,0,0,0,0,0,0,886882.43,6330321.16,Vaucluse,Provence-Alpes-Côte d'Azur,Oppidum
89,Point,90,2887,84079,Monieux,Peissonnière,oppidum,SECOND AGE DU FER,-500,BAS-EMPIRE,476,0,0,1,1,1,1,1,1,0,1,1,0,0,0,0,1,0.3,1,1,0.5,0.5,0,0,0,0,0,0,0,0.25,0.25,0.25,0.25,0.25,0,0,0,0.25,0.25,0.25,0.5,0,0.3,0.3,0.3,0.5,0.5,0,0,0,0,0,0,0,0,0,0,0,0,0,0,0,0,0,0,0,0,0,0,0,0,0,0,0,0,0,0,0,0,0,0,0,0,888369.99,6330878.94,Vaucluse,Provence-Alpes-Côte d'Azur,Oppidum
90,Point,91,2896,84087,Orange,Saint-Eutrope,oppidum. éperon barré,SECOND AGE DU FER,-500,HAUT MOYEN AGE,1032,0,0,1,1,1,1,1,1,0,1,1,1,0,0,0,1,1,1,1,1,0,0,0,0,0,0,0,0,0.25,0.25,0.25,0.25,0.25,0,0,0,0.25,0.25,0.25,1,1,0.3,0.3,0.3,0.5,1,0,0,0,0,0,0,0,0,0,0,0,0,0,0,0,0,0,0,0,0,0,0,0,0,0,0,0,0,0,0,0,0,0,0,0,0,844685.39,6338837.63,Vaucluse,Provence-Alpes-Côte d'Azur,Oppidum
91,Point,92,2903,84087,Orange,Lampourdier,oppidum,PREMIER AGE DU FER,-800,SECOND AGE DU FER,-52,0,1,1,1,0,0,1,0,0,1,0,0,0,0,1,1,1,0,0,0,0,0,0,0,0,0,0.5,0.5,0.25,0.25,0.25,0.25,0.25,0.25,0.25,0.25,0.25,0.25,0.25,0.5,0,0,0,0,0,0,0,0,0,0,0,0,0,0,0,0,0,0,0,0,0,0,0,0,0,0,0,0,0,0,0,0,0,0,0,0,0,0,0,0,0,0,842676.1,6333081.32,Vaucluse,Provence-Alpes-Côte d'Azur,Oppidum
92,Point,93,2908,84091,Piolenc,L'Etang,villa. habitat,AGE DU FER,-800,GALLO-ROMAIN,443,0,1,1,1,1,1,1,1,0,1,1,0,0,0,0.5,0.5,0.3,0.3,0.3,0,0,0,0,0,0,0,0,0,0,0,0,0,0,0,0,0,0,0,0,0,0,0,0,0,0,0,0,0,0,0,0,0,0,0,0,0,0,0,0,0,0,0,0,0,0,0,0,0,0,0,0,0,0,0,0,0,0,0,0,0,0,0,840115.23,6344529.92,Vaucluse,Provence-Alpes-Côte d'Azur,Siedlung
93,Point,94,2912,84091,Piolenc,Les Paluds,villa. habitat. nécropole,PREMIER AGE DU FER,-800,HAUT-EMPIRE,293,0,1,1,1,1,0,1,1,0,1,1,0,0,0,1,0.5,0.3,1,0,0,0,0,0,0,0,0,0.5,0.5,0,0,0,0,0,0.25,0.25,0.25,0.25,0,0,0,0,0.3,0.3,0.3,0,0,0,0,0,0,0,0,0,0,0,0,0,0,0,0,0,0,0,0,0,0,0,0,0,0,0,0,0,0,0,0,0,0,0,0,0,0,843005.01,6344844.11,Vaucluse,Provence-Alpes-Côte d'Azur,Siedlung
94,Point,95,2913,84091,Piolenc,Les Hors,villa. habitat,PREMIER AGE DU FER,-800,BAS-EMPIRE,476,0,1,1,1,1,1,1,1,0,1,1,0,0,0,1,0.5,0.3,1,1,0,0,0,0,0,0,0,0.5,0.5,0,0,0,0,0,0.25,0.25,0.25,0.25,0,0,0,0,0.3,0.3,0.3,0.5,0.5,0,0,0,0,0,0,0,0,0,0,0,0,0,0,0,0,0,0,0,0,0,0,0,0,0,0,0,0,0,0,0,0,0,0,0,0,841704.43,6344018.09,Vaucluse,Provence-Alpes-Côte d'Azur,Siedlung
95,Point,96,2919,84091,Piolenc,Coumier,villa. habitat,PREMIER AGE DU FER,-800,BAS-EMPIRE,476,0,1,1,1,1,1,1,1,0,1,1,0,0,0,1,0.5,0.3,1,1,0,0,0,0,0,0,0,0.5,0.5,0,0,0,0,0,0.25,0.25,0.25,0.25,0,0,0,0,0.3,0.3,0.3,0.5,0.5,0,0,0,0,0,0,0,0,0,0,0,0,0,0,0,0,0,0,0,0,0,0,0,0,0,0,0,0,0,0,0,0,0,0,0,0,841227.29,6343679.68,Vaucluse,Provence-Alpes-Côte d'Azur,Siedlung
96,Point,97,2922,84091,Piolenc,Cargaules,habitat,PREMIER AGE DU FER,-800,MOYEN AGE,1492,0,1,1,1,1,1,1,1,0,1,1,1,0,0,1,1,1,1,1,1,1,0,0,0,0,0,0.5,0.5,0.25,0.25,0.25,0.25,0.25,0.25,0.25,1,1,0.25,0.25,1,0.5,0.3,1,1,1,1,0,0,0,0,0,0,0,0,0,0,0,0,0,0,0,0,0,0,0,0,0,0,0,0,0,0,0,0,0,0,0,0,0,0,0,0,841476.27,6343536.23,Vaucluse,Provence-Alpes-Côte d'Azur,Siedlung
97,Point,98,2924,84091,Piolenc,Les Roches,oppidum,PREMIER AGE DU FER,-800,HAUT-EMPIRE,293,0,1,1,1,1,0,1,1,0,1,1,0,0,0,1,0.5,0.3,1,0,0,0,0,0,0,0,0,0.5,0.5,0,0,0,0,0,0.25,0.25,0.25,0.25,0,0,0,0,0.3,0.3,0.3,0,0,0,0,0,0,0,0,0,0,0,0,0,0,0,0,0,0,0,0,0,0,0,0,0,0,0,0,0,0,0,0,0,0,0,0,0,0,840953.36,6343210.92,Vaucluse,Provence-Alpes-Côte d'Azur,Oppidum
98,Point,99,2926,84091,Piolenc,Les Combes,villa. habitat,PREMIER AGE DU FER,-800,HAUT-EMPIRE,293,0,1,1,1,1,0,1,1,0,1,1,0,0,0,1,0.5,0.3,1,0,0,0,0,0,0,0,0,0.5,0.5,0,0,0,0,0,0.25,0.25,0.25,0.25,0,0,0,0,0.3,0.3,0.3,0,0,0,0,0,0,0,0,0,0,0,0,0,0,0,0,0,0,0,0,0,0,0,0,0,0,0,0,0,0,0,0,0,0,0,0,0,0,841414.26,6342459.33,Vaucluse,Provence-Alpes-Côte d'Azur,Siedlung
99,Point,100,2979,84126,Séguret,Saint-Joseph,villa. habitat,PREMIER AGE DU FER,-800,MOYEN AGE,1492,0,1,1,1,1,1,1,1,0,1,1,1,0,0,1,0.5,0.3,1,1,1,1,0,0,0,0,0,0.5,0.5,0,0,0,0,0,0.25,0.25,0.25,0.25,0,0,0,0,1,1,1,1,0.5,0,0,0,0,0,0,0,0,0,0,0,0,0,0,0,0,0,0,0,0,0,0,0,0,0,0,0,0,0,0,0,0,0,0,0,0,860775.25,6347469.33,Vaucluse,Provence-Alpes-Côte d'Azur,Siedlung
100,Point,101,2986,84126,Séguret,Les Sausses,villa. habitat,PREMIER AGE DU FER,-800,BAS-EMPIRE,476,0,1,1,1,1,1,1,1,0,1,1,0,0,0,1,0.5,0.3,1,1,0,0,0,0,0,0,0,0.5,0.5,0,0,0,0,0,0.25,0.25,0.25,0.25,0,0,0,1,1,1,1,0.5,0.5,0,0,0,0,0,0,0,0,0,0,0,0,0,0,0,0,0,0,0,0,0,0,0,0,0,0,0,0,0,0,0,0,0,0,0,0,862291.75,6349828.57,Vaucluse,Provence-Alpes-Côte d'Azur,Siedlung
101,Point,102,2997,84137,Vaison-la-Romaine,Haute Ville,oppidum,SECOND AGE DU FER,-500,SECOND AGE DU FER,-52,0,0,1,0,0,0,1,0,0,1,0,0,0,0,0,1,0,0,0,0,0,0,0,0,0,0,0,0,0.25,0.25,0.25,0.25,0.25,0,0,0,0.25,1,1,1,1,0,0,0,0,0,0,0,0,0,0,0,0,0,0,0,0,0,0,0,0,0,0,0,0,0,0,0,0,0,0,0,0,0,0,0,0,0,0,0,0,0,865521.68,6350992.55,Vaucluse,Provence-Alpes-Côte d'Azur,Oppidum
102,Point,103,3049,7264,Saint-Marcel-d'Ardèche,Banc Rouge,habitat groupé (EZ),PREMIER AGE DU FER,-800,GALLO-ROMAIN,443,0,0,1,1,1,1,1,1,0,1,1,0,0,0,0,1,0.3,0.3,0.3,0,0,0,0,0,0,0,0,0,0.25,0.25,0.25,0.25,0.25,0,0,1,0.25,1,0.25,0.5,0,0,0,0,0,0,0,0,0,0,0,0,0,0,0,0,0,0,0,0,0,0,0,0,0,0,0,0,0,0,0,0,0,0,0,0,0,0,0,0,0,0,831365.31,6358022.58,Ardèche,Rhône-Alpes,Siedlung
103,Point,104,3050,7264,Saint-Marcel-d'Ardèche,Saint-Etienne-de-Dions,oppidum. habitat. éperon barré,AGE DU BRONZE FINAL,-1350,MOYEN AGE,1492,1,1,1,1,1,1,1,1,1,1,1,1,0,1,1,1,0.3,0.3,0.3,0.5,0.5,0.2,0.2,0.2,0.2,0.2,0.5,0.5,0.25,0.25,0.25,0.25,0.25,0.25,1,1,1,1,1,1,1,0,0,0,0,0,0,0,0,0,0,0,0,0,0,0,0,0,0,0,0,0,0,0,0,0,0,0,0,0,0,0,0,0,0,0,0,0,0,0,0,0,830782.75,6361226.19,Ardèche,Rhône-Alpes,Oppidum
104,Point,105,3055,7316,Soyons,Malpas,oppidum. habitat. occupation,AGE DU BRONZE,-2250,MOYEN AGE,1492,1,1,1,1,1,1,1,1,1,1,1,1,0,1,1,1,1,1,1,0.5,0.5,0.2,0.2,0.2,0.2,0.2,1,1,0.25,1,0.25,0.25,0.25,0.25,0.25,1,0.25,0.25,1,0.5,1,1,1,1,1,1,0,0,0,0,0,0,0,0,0,0,0,0,0,0,0,0,0,0,0,0,0,0,0,0,0,0,0,0,0,0,0,0,0,0,0,0,845980.87,6422575.58,Ardèche,Rhône-Alpes,Oppidum
105,Point,106,3056,7316,Soyons,Village de Soyons,agglomération secondaire. habitat. atelier de potier,PREMIER AGE DU FER,-800,MOYEN AGE,1492,0,1,1,1,1,1,1,1,0,1,1,1,0,0,1,0.5,0.3,1,1,1,1,0,0,0,0,0,0.5,0.5,0,0,0,0,0,0.25,0.25,0.25,0.25,0,0,0,0,1,1,1,1,0.5,0,0,0,0,0,0,0,0,0,0,0,0,0,0,0,0,0,0,0,0,0,0,0,0,0,0,0,0,0,0,0,0,0,0,0,0,846148.6,6422586.95,Ardèche,Rhône-Alpes,Siedlung
106,Point,107,3060,7346,Viviers,rue O'Farel,habitat. aula?. stabulum?,PREMIER AGE DU FER,-800,MOYEN AGE,1492,0,1,1,1,1,1,1,1,0,1,1,1,0,0,1,1,0.3,0.3,1,1,1,0,0,0,0,0,0.5,0.5,0.25,0.25,0.25,0.25,0.25,0.25,0.25,1,0.25,0.25,1,1,1,0,0,0,0.5,1,0,0,0,0,0,0,0,0,0,0,0,0,0,0,0,0,0,0,0,0,0,0,0,0,0,0,0,0,0,0,0,0,0,0,0,0,834383.37,6377324.05,Ardèche,Rhône-Alpes,Siedlung
